[
	{
		"ParameterKey": "EnvironmentName",
		"ParameterValue": "UdacityProject2"
	},
	{
		"ParameterKey": "VpcCIDR",
		"ParameterValue": "10.10.0.0/16"
	},
	{
		"ParameterKey": "PublicSubnet1CIDR",
		"ParameterValue": "10.10.0.0/24"
	},
	{
		"ParameterKey": "PublicSubnet2CIDR",
		"ParameterValue": "10.10.1.0/24"
	},
	{
		"ParameterKey": "PrivateSubnet1CIDR",
		"ParameterValue": "10.10.2.0/24"
	},
	{
		"ParameterKey": "PrivateSubnet2CIDR",
		"ParameterValue": "10.10.3.0/24"
	}
]